leaf_area,perimeter,aspect_ratio,extent,equivalent_diameter,mean_R,mean_G,mean_B,mean_H,mean_S,mean_V,std_G,contrast,energy,homogeneity,correlation,entropy,weight_gram
50037.0,1395.0437175035477,2.5970873786407767,0.4540150621540695,252.4065908408759,95.16687377951358,100.29832139968835,52.18186480462355,32.54401641122749,129.8202654989447,101.00668678620036,21.393037989624812,0.23107077949305066,0.5964534943633346,0.939288406489642,0.9323538563484959,4.338191998236899,27.0
62792.5,1450.2569210529327,2.707547169811321,0.5160122608638485,282.754123069466,95.61239504072341,107.79679253902988,45.71814988105928,34.82549584889015,150.49417899396633,108.23222584558187,20.992810874221988,0.24201853200645032,0.5417922740944803,0.9297759967490891,0.9356237702815183,4.401270258857531,37.0
63749.0,1547.955405473709,2.1983805668016196,0.47530960848785797,284.89953972816784,100.35390365706132,108.25700238841155,50.00876267874314,33.22886876143801,142.4625298551444,108.86601631564254,20.624929125686375,0.2456104457089932,0.5683434119457798,0.9302058500763779,0.9383979522307678,4.366451706913994,30.0
78150.5,1675.4284945726395,3.1372549019607843,0.5985791973039216,315.44303295654726,101.79762628565638,110.8348026549121,50.56509347925216,33.30280691087805,143.83681663880023,111.4910574048741,20.01833831968166,0.3201795882891632,0.49229255384901843,0.9066941850874807,0.9220765841737979,4.323981226190914,41.0
79089.0,1661.1858530044556,2.909090909090909,0.5617116477272728,317.3314392769164,107.79818477716574,119.5098272408613,54.875763645468204,34.15906359539309,143.24833500250375,120.02821732598899,21.23557753394051,0.30652769616871006,0.5275514587791833,0.9190669793316821,0.9372959301429781,4.403643720839347,43.0
59488.0,1452.641697049141,2.810945273631841,0.5238233610707524,275.2135062768638,99.33414767911452,111.7533861827126,52.054295258513235,35.140898439447575,141.18653504179755,112.17940536138671,20.177578096768993,0.2848481466467324,0.5323098877588734,0.9191156544008479,0.9319383314888596,4.401881220522304,37.0
46421.0,1251.2447276115417,2.7344632768361583,0.5418709436429004,243.1153078400268,100.36660852548286,107.58114949374628,54.72234748574832,33.21834850676423,129.71722113502935,108.11752318556964,18.60683976325707,0.30877845633727197,0.5207451811972179,0.9099973010535478,0.9230155303755221,4.223657960869868,34.0
63044.0,1400.7838317155838,2.5576923076923075,0.5697296124927704,283.31980844671557,99.10975054553447,111.95204006342328,49.07179076594609,35.02029859181463,149.08460101414465,112.42360162639916,22.71418357034502,0.3339705051312101,0.4996037413976086,0.9090926045467961,0.9216512525819092,4.47896414823057,37.0
45960.5,1189.14422249794,1.9767441860465116,0.5029876880984953,241.906440790237,95.39061458758786,101.92858831875148,48.23792428900019,32.42651389754724,140.79767406866011,102.81405447236612,20.543730392833364,0.24839009537086115,0.5579593717581848,0.9319000605712804,0.9294064902154059,4.368577899745228,28.0
52657.0,1344.2152907848358,3.0813953488372094,0.5776327336551119,258.93044376264345,99.76855813255273,111.08162575996397,53.516737971928244,35.10162876229077,136.36609622457405,111.4296329655483,20.161225732623755,0.3289785371020452,0.5023715635685445,0.9109006442574735,0.9211718488613472,4.352498111986742,31.0
37463.5,1081.0609624385834,1.800995024875622,0.5148772711030483,218.40331884883472,101.61996151509014,104.35730200526636,57.211489771116064,32.066842211869556,122.24572108567956,105.80843629734656,23.346581895834348,0.28741472934641155,0.5351555055926137,0.9229557243603342,0.9315418762877898,4.372807317105734,29.0
51004.5,1377.2863582372665,2.835978835978836,0.5034796256811183,254.83513564546905,98.33563062627044,104.81870099699933,54.496505662568964,32.735262801277706,127.78685509631207,105.55593843771175,18.998972983892713,0.28383622259021346,0.5465634753348612,0.9182577672416605,0.9233198916833909,4.271143336788687,31.0
47159.5,1277.9726493358612,3.198757763975155,0.5687692214918892,245.04150732057192,107.31989866421004,113.51771282609606,63.796114065575146,32.44474686989657,118.09457309157908,114.30710606758511,20.693589476655703,0.3078407861843887,0.5190988270938479,0.9262258869098237,0.9339426227434353,4.372057704402368,19.0
38273.0,1168.558436512947,1.6756756756756757,0.46344328199166906,220.75030485969634,106.74029520105098,111.13989850853919,66.65145153396358,31.577393678679066,110.84680971639061,112.61855696659025,25.66576997810657,0.24892170138491432,0.5680480835259785,0.9327908427659742,0.9475920417121539,4.5241608675608065,18.0
34836.5,1092.173660159111,2.3216374269005846,0.5131542121466555,210.60676484901072,100.70388095827488,106.21698710014577,57.45259509860549,32.496905685287565,122.24977308358775,107.23142723547048,21.970325317666532,0.2905790267837083,0.5446533386552351,0.9293517593728706,0.9306329529370555,4.352895676773043,24.0
52336.0,1463.8132691383362,2.2158590308370045,0.45835997232464243,258.1400100977365,104.0242904290429,109.57395568128241,62.721697312588404,33.60944837340877,117.98246110325319,110.39685054219707,27.0657056634543,0.20504587059277266,0.5797178367290616,0.9438094128601721,0.954321869409964,4.56848678992502,29.0
45688.5,1267.972649693489,2.4564102564102566,0.4891440501043841,241.18956225266567,103.5712526465886,108.82858747785508,60.047206498725316,32.51415114721514,121.48399083956272,109.61688199455558,23.397750708468628,0.2861664768098461,0.553909167758581,0.9259749277218348,0.9336413644305868,4.50301265715723,25.0
60135.5,1361.4284944534302,2.0981308411214954,0.6258508003247091,276.70723995302575,104.3664933526392,114.92385152033698,52.315190206660525,34.07354876925102,141.89163485586417,115.37246610504147,21.403331503784816,0.3032629224778085,0.4987475864975076,0.9153050647951204,0.9290692525674276,4.4234345667724835,36.0
73232.0,1724.6416960954666,2.824390243902439,0.6169762837524748,305.3553312782429,110.9504530661301,118.1730564070708,65.23691779989467,31.858732495172248,121.27404086372906,119.32584300009452,24.04745673836695,0.3620163285957096,0.48715236329356537,0.9063509437210155,0.9299109993202149,4.43422895887807,33.0
54557.5,1525.5706290006638,3.7621951219512195,0.5391696643870815,263.56169384394354,102.35543977712652,109.39386374326133,59.47789355620681,33.04689026375773,122.7913455624299,110.08513332609718,21.35494807475822,0.29066601010593307,0.5255309334676177,0.9237794093673991,0.9321806684278469,4.328601454350722,27.0
47576.0,1458.156415462494,2.1954545454545453,0.4477319781667608,246.12119896571303,100.99403269585396,106.78465905559123,58.19658951992209,32.375878001781906,123.32086691668566,107.8863311439405,23.846383378609417,0.2473629317486125,0.584443761745903,0.938595134601371,0.9395782338759008,4.484326944147151,27.0
53567.5,1341.3107433319092,2.236607142857143,0.4773265968063872,261.15945189213585,93.85325164243005,104.46200265741493,48.679596958736255,34.71988263084078,140.24149258138334,104.86851332398317,18.557914493943056,0.22401695437999725,0.572679638938436,0.9347459429312814,0.935299555180653,4.285069556898655,36.0
65229.0,1427.1269780397415,2.7205882352941178,0.5761261261261261,288.1876858290963,102.08391756957722,114.9585571641021,50.25692737260615,35.394033202828616,146.95435369813956,115.18382955476646,20.66834434527051,0.3031584252631074,0.5108397876763489,0.9125094232197705,0.9298825180269266,4.41567193815924,35.0
55556.0,1300.6416964530945,2.565,0.5414814814814815,265.96258411157515,98.22805049587807,111.42691807773801,50.51717322792586,35.16639068425832,145.28134180866408,111.93116464576322,21.506074496146088,0.3017499751140954,0.5173561321664055,0.9121406932943548,0.929340779781386,4.381979716861029,33.0
34221.5,1174.8010765314102,1.8529411764705883,0.44378955285818034,208.73947178278087,93.97296675486024,100.13611526515587,53.3857989186702,32.920913378580465,123.24726791671459,101.00077648682849,18.12696378366555,0.23542678908814663,0.5965637327416695,0.9359205317980982,0.9273199018033331,4.196167237045686,28.0
37977.5,1160.2569208145142,2.81875,0.526295731707317,219.8964638419173,96.12197211620843,103.4222031830101,53.64605239245009,33.6960303242724,127.85113066957447,104.021678739258,19.473678086598618,0.3023394614963873,0.5375712760155436,0.921025916336794,0.9173919606006898,4.286709353350716,25.0
83256.0,1735.2691134214401,2.506172839506173,0.5625899572259726,325.5838318105964,101.39280659395554,113.53816144724479,52.081365890790586,34.71678342471782,144.14259547795473,114.13912247106819,20.535931930827253,0.34272681687892664,0.5111440734300063,0.9096606726439409,0.9224146536211599,4.264937355997156,37.0
83636.5,1637.2863581180573,2.9767441860465116,0.6078234011627907,326.3269820030861,99.98714713860952,114.1029295047206,45.32913986519303,35.087979909259985,159.35024935735694,114.58799767819278,23.352837495223305,0.3618469086421981,0.4758564829740116,0.8961255266013732,0.9157428361119573,4.514495193679493,45.0
65052.5,1435.7960246801376,2.812807881773399,0.5612183275387576,287.79752515246577,104.06827553675497,112.51172415891904,54.58464066708258,33.42185669288942,135.97309758212998,113.00336280223375,19.27091985012297,0.2841771886437005,0.51608716795087,0.9147781578177621,0.9349666519618245,4.25112594257401,37.0
59446.0,1620.1808004379272,2.2371541501976284,0.4151314962499476,275.11633534984156,103.10325238364175,110.92071691970366,51.51850436862563,33.2685458954852,139.18758513006213,111.68824955981529,21.478351900841044,0.22080041726683985,0.6131731315946019,0.9359413813573685,0.9453515065853229,4.40289205771772,38.0
42963.5,1262.6000663042068,3.0609756097560976,0.5218576911864736,233.88635526731602,101.67865916657101,106.36404545976352,59.2112271840202,31.812444036275974,119.64663069682011,107.33061646194467,21.386357236857158,0.2697309815508865,0.5339202462603905,0.925710139490467,0.9335199122048309,4.368915568655328,27.0
47722.5,1200.232535481453,2.1030927835051547,0.6029222255912674,246.49984619391512,100.3055037892906,107.63368120263387,55.43375988735661,32.9075868637926,130.4195345177455,108.38201432890214,21.607960862358695,0.3630802973113198,0.48507996156574223,0.9023808323498062,0.911561549233073,4.366368504754243,31.0
68793.0,1553.8132700920105,3.0945273631840795,0.550247156500456,295.9560237619198,100.36941044486315,110.03558329857465,49.60691529909244,34.068850949990654,143.25518144030377,110.3498353157766,17.475102423878983,0.2693623414710573,0.5320231009571001,0.9221333381022286,0.9330977722619234,4.201966202194143,38.0
47326.0,1267.1025927066803,2.350785340314136,0.5518487855502047,245.47369450541194,91.97429423915538,104.05581405053519,49.66864189287875,35.60007928724936,139.67750954576752,104.51588874747011,19.496689100376663,0.28890411442272174,0.5315019667728912,0.9241628843709199,0.9203408978509339,4.2817540772401985,29.0
53064.5,1293.9726499319077,2.56020942408377,0.5681484812471226,259.93041342174456,104.73715882626921,111.03539823008849,57.14017699115044,32.644713553795995,127.76860735910573,111.63480204937122,19.06244328963917,0.3398731451070496,0.5087224991186194,0.9013758800074643,0.9207745278500619,4.288747061043685,32.0
63077.5,1409.7127645015717,2.5990338164251208,0.5663981825691863,283.3950729688719,107.52504000753083,114.20907464934577,59.96055728137061,32.78635978537137,124.45214785528256,114.75564027738555,19.67417526957442,0.2699862318371892,0.5265074574897939,0.919955760298644,0.9404234612976121,4.342497560531042,36.0
58875.0,1362.2152901887894,2.57,0.5727140077821011,273.79185195378386,103.44857944521917,112.65804196979116,54.72197113526773,33.7643945630807,135.65259832994505,113.15374922293721,20.121115962739253,0.3044054516101109,0.5121108400530655,0.9137550360614844,0.9303204465448279,4.324402411889462,33.0
79060.5,1694.9675971269608,2.595744680851064,0.5515207534007673,317.2742583736259,103.81613383923764,116.08733110434902,54.0049087744343,34.494133263207985,142.96602677285648,116.64818362823547,21.727255199496653,0.2972833053869643,0.516059426200765,0.9203852536956802,0.9358095621871163,4.406400591751375,37.0
51406.5,1352.6000665426254,2.588235294117647,0.4772588012477718,255.83742622303748,100.00021136368004,104.48740464615798,53.412543473666005,31.96193532271391,129.2494475721999,105.18058144226889,19.638980978806714,0.24612459114468505,0.5670430489731475,0.9293557645338019,0.9341642980697906,4.365138080416077,32.0
59058.0,1396.1564158201218,2.8763440860215055,0.5934880916490805,274.21703271855534,99.27725491509528,108.584335331748,48.97700706701946,33.62739056167733,142.90653783032454,109.08311283786047,18.970749474413193,0.27811896849070006,0.5015148597023186,0.9172575050261157,0.9273618844197897,4.282776408411351,36.0
57913.5,1316.7422014474869,2.4754901960784315,0.5621578334304018,271.5469726843219,99.35858534085085,109.75328891166923,51.51841790534768,34.31320690244319,140.04585682555955,110.21768323936443,20.714734210871192,0.30088637575587124,0.509006317977952,0.9119895361111531,0.9261872960757842,4.3874149066269466,38.0
46694.5,1313.3696179389954,2.9767441860465116,0.5302336936773255,243.83044092491008,94.55737115799265,105.72151524119562,51.56916670189828,34.957447258275906,136.0854014289942,106.23293028368495,21.27970193220526,0.269108035308418,0.5381542343486277,0.9306754533982765,0.9297478368316284,4.370921951358373,35.0
61502.0,1595.671134352684,2.933333333333333,0.5513896360050207,279.83348348670137,99.56282625805105,106.47189964503124,54.15511010456319,33.073370918260814,132.42013202910422,107.29435101752357,23.115632012045253,0.3033221360039927,0.5135894038580721,0.9169509237827089,0.9244079543100368,4.51066227693034,31.0
83577.0,1567.7300094366074,2.5605381165919283,0.6563655925800853,326.2108849047357,105.84334420397272,117.35826860361696,55.09886747702342,33.918802253187074,143.47658464275125,118.04254965905722,24.14336598172582,0.4043408913245649,0.45217966255236464,0.8876089048471141,0.9136130629064585,4.551075836532228,44.0
56145.5,1528.1147850751877,2.935,0.4782410562180579,267.36991390006483,103.12501978161102,111.06106803115823,56.013187740676265,33.044398726943434,131.6403263526226,111.81382426895958,20.663866809308917,0.2678614642582823,0.5642607562752642,0.9287832538202031,0.9376927546733461,4.339103717680391,31.0
55074.5,1378.3746711015701,2.0480349344978164,0.5127931769722814,264.8075363476589,107.09378644609119,112.44906967146933,65.65770728293829,30.917571277340176,116.11036549261658,113.85116537778336,26.734111093616143,0.29139309422491877,0.5315503446743466,0.9248068779189096,0.9413706590850701,4.548684645910374,30.0
82770.5,1715.2863583564758,2.542372881355932,0.584537429378531,324.633137152543,106.33706184950353,118.07858595525781,58.32031343462137,34.47252063643977,135.65847589424573,118.61799258284483,23.62415127816424,0.33924555310258847,0.49753311244546605,0.9098152516924652,0.931010082509862,4.488117445840288,36.0
52307.5,1472.8843364715576,2.4927536231884058,0.48971557502902296,258.0697143917405,97.32107547169811,109.66167924528303,53.76456603773585,34.641056603773585,139.25169811320754,110.46809433962264,23.034708254066224,0.29444152808648294,0.5562323597001317,0.9272871627484427,0.9308038820494356,4.330505207070497,31.0
39672.5,1089.8893893957138,2.3529411764705883,0.5834191176470588,224.75007416796495,101.18764307753558,107.64783019806907,58.305638499054446,32.643425898278096,123.90439932318105,108.57780929630735,20.712958342456517,0.3529803423237872,0.4961447186058016,0.9084076785451259,0.9152512565207342,4.354021510214482,30.0
72268.0,1558.4406863451004,2.3619909502262444,0.6264454499748617,303.3388788449656,102.99234257064971,113.06187586471418,49.6512513527212,33.762085450884236,146.74089396035671,113.52502020520267,19.29364337864998,0.30151378688282576,0.4962492679526786,0.9134613674699035,0.9271694984588177,4.305068308400179,34.0
34561.5,1052.575681567192,1.7272727272727273,0.5722007913776262,209.77385090941226,102.73716486023959,106.68074729035938,59.31734169994296,31.38496862521392,118.74920136908158,107.96186537364518,20.914810778030102,0.314208047982945,0.49974114638892475,0.9122415262135961,0.9252477457436117,4.25244745394396,31.0
34658.5,1045.286357998848,1.7989690721649485,0.511897025374413,210.06801936802194,95.43493725635261,102.62268446063227,50.74768801752838,33.29636058390007,132.89983780553737,103.25063312750761,19.10271643070573,0.25627650705824945,0.5460090474736327,0.9281868193582186,0.9278043395171188,4.320443873668825,28.0
60499.5,1913.5706290006638,2.081180811808118,0.3958251550600612,277.5434305414289,103.9417396684795,108.34348845540104,60.60837919692578,32.118148956264044,118.91129058520859,109.50789722213176,22.50940146937022,0.23308369052217578,0.6230015173989891,0.9391278220446161,0.9425855360978159,4.389426929099852,38.0
58382.0,1475.2447282075882,2.5306122448979593,0.6005390059249506,272.64312039867843,104.45707032241685,109.8978082423627,63.77752390623678,31.664669543877466,114.57676229161378,110.94731319285775,23.542724550517256,0.32293354111326444,0.48639828315234035,0.915229740295183,0.9290308310395992,4.326259301934806,26.0
62846.5,1398.2569206953049,2.551546391752577,0.6544465271269395,282.8756777246825,102.18436343594992,112.32684040626722,51.54532713959531,34.03324147704905,142.32534446106607,112.74957877332494,22.56115924835939,0.3431167566623739,0.46499887443557075,0.9033684474368388,0.9160359236183874,4.501332515279708,38.0
43163.5,1088.4579309225082,2.6036585365853657,0.6163748786199805,234.4301070450982,90.86686512479963,102.69113808106252,44.93027249828258,34.94808793221891,148.5378520723609,103.20693840164873,18.476400552753457,0.3150038167490078,0.510026080488164,0.9157759030228714,0.9057494476808904,4.189425368739572,25.0
69474.0,1456.0142802000046,2.5534883720930233,0.5885881306392172,297.41728956288114,103.73575439696702,114.610601180126,60.161825489581254,34.43667512328611,128.85282631623957,115.27389470083521,23.325895009503657,0.3461721851649639,0.4870381512981082,0.9052430639409204,0.927202596569867,4.400405675783168,36.0
47057.5,1225.5462437868118,3.3767123287671232,0.6537761538247798,244.77636707079162,96.57659529806885,104.41939546599497,49.49172963895886,33.27802267002519,139.49710327455918,105.0316120906801,19.058496543079297,0.32157601088051674,0.4798892664056078,0.9064778664037868,0.9060208464541787,4.310913894966119,32.0
45555.0,1288.5584362745285,2.305263157894737,0.5474044700793078,240.83693126348032,100.8533890778329,109.43199098845396,51.321924484977146,33.22290579035158,140.02062257652233,110.1083118514828,18.965742706084413,0.2883421100366398,0.5204688001494994,0.919289121910806,0.9281988304174442,4.274888546653912,33.0
50203.0,1224.0731549263,2.3439153439153437,0.599603473192638,252.82492927782928,101.61662071681765,107.91721150059078,58.11171721150059,33.461579361953525,126.87191807798345,108.81815675462781,25.43509062913087,0.2964771774927386,0.4859318244744152,0.9168113181602204,0.9322533028921125,4.549253481421981,30.0
78109.0,1601.386863231659,3.0344827586206895,0.624632141257757,315.3592675025087,106.98798067779849,113.73429437196506,59.260114361061454,32.20539348065878,129.91367134507374,114.77168359261091,22.560556737629692,0.3131917534763809,0.4792219929973726,0.9111912924979189,0.9317391244365247,4.385877410163968,34.0
47852.5,1309.8305143117905,3.1226993865030677,0.5767654609664083,246.8353607456585,99.51117116745405,106.9083200957234,58.8689167165226,33.998824087636415,121.86219132300455,107.51657623831824,23.28255515418291,0.3132691642000375,0.505819015917002,0.9173928203218995,0.9236780741313513,4.435320804764624,23.0
63473.0,1520.925966143608,1.7777777777777777,0.5241197648302286,284.28213736176775,106.40451188732746,114.91904776742592,58.69755086779048,33.413423487988034,130.0799707101237,115.56432866980339,20.967861659573426,0.29685892552335863,0.5416208883208506,0.9189018509117617,0.936666969785973,4.325661025366327,29.0
49976.5,1451.4284932613373,2.1045454545454545,0.49063911250736303,252.25395161911115,112.06766412695906,111.87302119932099,77.1154514231574,28.314772413248587,92.43896806284789,114.5443922466543,29.150079513300483,0.27111408702092527,0.5474462658929152,0.9306922488648489,0.9489206185697934,4.534930539682228,20.0
45151.5,1411.629504084587,2.280952380952381,0.4488666865493588,239.767961379559,97.34679179397644,98.14203404626801,56.65722391968573,30.888323876036665,116.42791357485814,100.24825403753819,22.121674384496735,0.2188545016933972,0.5895596711555682,0.938864864668125,0.9360477304439436,4.421691222162646,26.0
95698.0,1653.671134710312,2.7074235807860263,0.6740245104944358,349.06514857840733,99.3137618672526,109.0128829650512,47.5923572820364,33.886229841217194,149.68810372704283,109.50310932382571,20.616496645699783,0.35119701922016133,0.46157936108005365,0.8958935060314772,0.9062508554344388,4.374432329057669,44.0
72659.5,1520.7422021627426,2.9326424870466323,0.6651485746718175,304.1594133027688,106.2138106789501,113.28950094033634,55.678582136335145,32.62165771757203,134.64083240208237,113.87847856305704,20.093826200928508,0.34316452351782856,0.4765797482444574,0.8984910903460236,0.9183449323247823,4.352070712351082,45.0
41999.0,1228.8183220624924,2.442105263157895,0.4763951905626134,231.24616243157874,101.28444287894798,104.06859222731009,59.57374662439826,30.504332511447693,117.94765762592462,105.55547728073265,22.594976713693626,0.2661995822418728,0.5651084432461935,0.9263223007878456,0.9330938867909859,4.399941180373881,24.0
41490.0,1256.0975400209427,2.27,0.45693832599118944,229.84061588644838,99.93080744455801,102.72322977823204,53.07722659314017,30.656390387677973,127.36174562049868,103.85153668797984,18.763298097804263,0.2333133764533103,0.5776976808611075,0.9268949251254982,0.9344364617786316,4.2400714199256395,25.0
40945.5,1357.2030980587006,3.412903225806452,0.49936581498871885,228.32746172756708,95.62188349001033,99.16572500180318,54.540066838169885,31.74577452936792,122.05260500565,100.32430937898204,21.059660686688837,0.27897330590619474,0.5725499831624616,0.9310804422428484,0.9192196967697895,4.283182974158954,25.0
54043.0,1301.2447282075882,3.175757575757576,0.6250636132315521,262.3160016394776,96.22263488172122,100.82645127060502,51.87261018313544,32.57569659159516,130.3603798093635,101.54216140068424,21.11562248914358,0.2877447494494736,0.503152649740547,0.9159262481202355,0.9169171992323624,4.305384115318838,27.0
61768.0,1428.1320306062698,1.9012345679012346,0.5501932909340317,280.43797923819363,93.0974348299494,94.82825209761097,47.93731185550503,30.05247229872542,134.19453340165248,96.2834016524691,19.999236131572466,0.2112129612352458,0.5544989396342189,0.9369386674035798,0.9332466826237831,4.329186954716827,32.0
48068.5,1198.3746709823608,2.417989417989418,0.5565222928461441,247.391824958106,86.7960515777671,89.70262694217524,42.45152570879385,30.903952426717925,140.18746996636233,91.02564872657376,19.60731109951804,0.2149098773933859,0.5509259418156941,0.9318261237336162,0.9225839836347421,4.322224583789474,29.0
32292.0,973.9066350460052,1.6224489795918366,0.5180978051597998,202.76945376113207,97.6414311007998,99.87749557360034,58.1733622321265,31.70962818242872,114.7411319372367,101.58984064961231,25.83764619419673,0.24975543794151522,0.539897197402548,0.933041208583872,0.9346967858073657,4.495420822214013,24.0
53470.5,1451.002087712288,3.3850574712643677,0.5217346759557403,260.9228910555023,95.9501680144751,99.56727964255381,52.698774048225694,31.585724308555815,126.78135962482922,100.4798936523762,20.1866897554043,0.26757002955501885,0.5509653699436619,0.9275835429158339,0.9228841686366979,4.3673626576082745,26.0
46342.5,1247.8305146694183,2.4782608695652173,0.5523276601830663,242.90966140087815,99.9678044830819,104.27759311344072,56.57798517003324,31.236661552885025,125.521797494247,105.5184948436035,21.676722183058732,0.3067555678837426,0.5216291592315978,0.9168526369479862,0.9217869360410851,4.354953963686892,27.0
65854.5,1694.1980452537537,2.2890625,0.43898317512798635,289.5661471905198,100.77938970235238,105.23069191070572,54.166946711473834,31.801833293326933,129.95346255400864,106.13248619779165,20.879988519743726,0.2243034900141907,0.5964714176255175,0.9372645922154617,0.9407935268353899,4.35488259030646,28.0
66761.5,1491.6883792877197,3.3241758241758244,0.6063164108618654,291.5533945366381,107.00391256020748,115.47756947017413,53.57954798073361,33.05286402371249,141.37147091515376,116.05431641348648,19.140563802586662,0.29030057899165906,0.5127255598186208,0.9183540043987742,0.9349341058127569,4.3455638154738985,39.0
51105.5,1291.9137737751007,2.391089108910891,0.5238043990734477,255.08732534852228,95.07161090698123,101.09657706439761,48.70005801585767,32.94753432604912,137.60982401856506,101.76343067105009,19.551127848730978,0.23309869849654685,0.5470944126055051,0.9290224609133444,0.9320741851385811,4.337952169539134,31.0
47908.5,1365.2863584756851,2.4390243902439024,0.4674,246.9797496333344,96.84719790744136,100.84606512470909,52.644141453669185,31.60465882643709,128.70710357753384,101.926389718452,19.98025588703388,0.2342503734154105,0.5759466455003538,0.9329262636992272,0.9336217567042944,4.398252531542079,29.0
65758.5,1523.5706287622452,2.9203980099502487,0.5573368252434591,289.3550113657395,96.97715033544932,101.32907127169891,51.30504828665122,31.764764282920666,132.24143325611482,102.19708775835615,19.915652652301144,0.2521392013714938,0.5278389176608045,0.9250678093699679,0.9290413874913901,4.356556526000912,34.0
69935.0,1531.5289986133575,2.604878048780488,0.6388508267105143,298.40242552810054,97.60118592737257,103.02640740426254,50.906116441651804,32.328465087317085,135.27696640344175,103.85291953242195,21.808907969889006,0.3160881393241637,0.48419924622718863,0.9037479959089965,0.9116876855231072,4.422241370380382,39.0
52084.0,1286.7838315963745,2.7119565217391304,0.5672649647120328,257.5177827801145,96.3544474393531,100.29733115675184,51.09637067689154,31.55850195512699,130.06968224440985,101.16183895827797,18.022121631229247,0.2686175997797621,0.5243902404316225,0.9211714172247866,0.9203934044626532,4.2409073544605675,36.0
53632.0,1402.6416965723038,2.315315315315315,0.47001086689802646,261.3166341112564,98.26780254190459,104.84940136305029,51.18043838644318,32.57857800699945,134.78539325842698,105.67034444649107,18.57279352050618,0.2306246640391111,0.5718525088771986,0.9294028535421492,0.9365828175936433,4.28392531460149,32.0
51040.5,1254.3746707439423,2.838323353293413,0.644792693094823,254.92505365902167,105.3336173673916,114.37548656970777,57.45480953579798,33.447837790731455,133.63812769913048,115.07479133179697,23.53839211875405,0.381714408804724,0.46811274772211964,0.9097587310740273,0.9154164358651437,4.52575833529453,26.0
53681.5,1203.4873682260513,1.8959276018099547,0.5797200833702307,261.4371982344912,96.77110676891314,101.72782406724671,49.900383424273706,32.19978616723197,135.67060536793983,102.51762276950302,20.867106032841015,0.2717320058015709,0.5120705698969863,0.9210816831144408,0.923750340418623,4.363393041261637,37.0
84392.5,1665.9137744903564,3.018867924528302,0.6219966096698113,327.79851781095994,101.59427826821938,107.96464124718257,54.178132043576255,32.43831001126972,134.74451774981216,108.80864951164538,22.538535406520893,0.29120075101330306,0.4822844222410943,0.9118607370067805,0.9285034980318438,4.432726981859714,38.0
42392.5,1136.516805768013,2.311111111111111,0.566139155982906,232.3269407541566,99.78237979873276,103.21869176295192,53.479221021244875,30.902208348863212,129.63594856503914,104.55930860976518,20.52212548003849,0.2731792125168775,0.5092147018475528,0.9186597507883902,0.9266374467998972,4.390233384343771,27.0
46293.0,1225.1025927066803,2.1724137931034484,0.5171073355450555,242.77989670568874,103.59420135259104,107.51313122693234,54.98293260512448,30.85243103705758,130.75331214131802,108.86557293111173,22.205442855235106,0.2564231198806018,0.5374132124524199,0.930039259919351,0.9385629930763386,4.4751473878196,32.0
67234.5,1496.6000671386719,2.481981981981982,0.5496517388531907,292.58438811819116,101.09325463991875,105.00914001442385,51.46355032895221,31.439441885109577,134.89586859573467,105.79900799199329,20.169691101589873,0.27357705911858793,0.5188943953822249,0.9166545270483866,0.9288176851626475,4.3772037042665035,36.0
53074.5,1343.144222855568,2.75531914893617,0.5450022590980038,259.9549041988752,105.8013032954757,107.93038540309067,61.62949171476448,30.367026624464717,116.9723701359151,109.36065909514058,21.846360454531798,0.23298938400231597,0.5293774323537686,0.9340938650916644,0.946141521434622,4.357868583684758,29.0
45580.0,1243.0437173843384,2.7556818181818183,0.5339737582005624,240.90300630965302,104.79943245819253,107.40382115934494,57.36253357594663,30.815072350749503,123.30123039597954,108.37719868295642,19.62532238905075,0.25532145308736154,0.5318477424258687,0.9225063011826133,0.9371752614143773,4.363382536342537,29.0
69517.0,1465.3868633508682,2.6715686274509802,0.6252653354919949,297.50931654547276,109.81812484867474,115.56649053594064,62.51677039864413,31.810220329568597,123.78619343996127,116.53824790281003,21.716671376156217,0.35104772052565103,0.48402048634703665,0.9034038092220736,0.926114395422636,4.331692224408523,45.0
35876.5,1133.830514550209,1.9948453608247423,0.4778563627161086,213.72734623040418,97.10810513883929,99.54170672086572,54.10057952704002,30.398143316213023,121.92790244170398,100.9444368150732,19.422378519178864,0.22769478431255352,0.5646173397049327,0.9333487655700073,0.9339890533231825,4.294139225355087,28.0
35343.0,1184.21529006958,2.888888888888889,0.46616809116809116,212.1322823843058,101.89687447768678,104.76522368934202,61.56749679647891,30.74441473062566,113.2367262800156,106.01743829739819,21.854558844888412,0.26872795517086867,0.572954402103328,0.928180959901399,0.9314185184665408,4.317418013789579,23.0
49560.0,1223.730008840561,2.2708333333333335,0.5920298165137615,251.2006206940474,101.43449816499123,105.8331737673528,53.306286899633,31.741243816818255,130.83919738311792,106.61271341949896,18.712325410147944,0.29436562110479136,0.49881377909579616,0.9124927387173734,0.9222455169782321,4.285675047348111,36.0
43389.5,1113.203097820282,2.377245508982036,0.6544518016862999,235.0430327116427,101.89641352613002,108.23172036889446,54.94300352954571,32.27808265968348,130.16529659569622,109.06426050324491,19.429408166705432,0.3603083845120333,0.46632766927849045,0.8981222345561632,0.906817489103351,4.259212086325901,28.0
52648.5,1348.7178170681,2.7606382978723403,0.5395861517648506,258.9095443798649,105.34923911207851,111.38920683767098,54.07274876625448,31.961664758973974,134.91837577167732,112.21982249075863,19.533073822533478,0.26454295091143354,0.5372375549279311,0.9221750291713167,0.9383180336175742,4.308190400982387,42.0
63338.0,1550.5584369897842,3.699421965317919,0.5720556358381503,283.9796582229715,104.24720258439065,113.66259344226478,55.56208936123726,33.61213852084211,135.66641696708646,114.2868111802987,20.616592563233144,0.31477374683320264,0.5067300457716499,0.9106519081932554,0.9304263659451466,4.340275439136657,39.0
38657.0,1030.960457086563,2.0662983425414363,0.571055041805773,221.85495505132894,100.67316437586224,103.14950692350928,55.64064176587809,30.771907414030963,123.28074702365745,104.17691993255326,18.671664720855805,0.291281659501963,0.5136568555530243,0.9168124318399778,0.9207806630271751,4.228535532464996,29.0
50784.0,1382.3574256896973,2.628712871287129,0.47345751524304974,254.28369401090293,96.10051325919589,101.00040827436037,53.54061357803873,32.478555875262465,128.11911890504706,101.86645540088654,21.90036354289654,0.22626418417369287,0.5840028299391663,0.9393417524992642,0.9360622482165543,4.35616876616734,27.0
62862.0,1448.4995614290237,2.707547169811321,0.5165833935967392,282.91055876573745,95.63606892753167,107.80044063262255,45.778456212133136,34.79702572979778,150.38220158942482,108.24230073176489,21.027686670164076,0.2437056747445701,0.5411973650316526,0.9293148438665717,0.9351957366147781,4.403610480997449,37.0
63749.0,1547.955405473709,2.1983805668016196,0.47530960848785797,284.89953972816784,100.3548807345141,108.25712646173889,50.00922795372065,33.228806724774344,142.46169236018486,108.8662489531313,20.62520505144993,0.24563668215920303,0.5683436598393943,0.9301949777300854,0.9383921589319664,4.366447679229048,30.0
78074.5,1674.9432125091553,3.1683168316831685,0.6039178527227723,315.2896142206804,119.97353974110278,130.59687091907244,59.62576547107375,33.283138716671104,143.74565440645088,131.36864326195277,23.51329363559337,0.4069618000932117,0.5040696335612321,0.8996247974212692,0.9296633978667096,4.486029287026337,41.0
78934.5,1630.6000666618347,3.1372549019607843,0.6045840992647059,317.02133499797407,108.71092711077657,119.39198343996989,60.84468699033998,34.26173629406599,129.2321289675072,119.84981809057835,19.18411329599137,0.2945645814802232,0.5252950063594897,0.9195790935464224,0.9384863425848072,4.301986057248274,43.0
64133.5,1693.7960250377655,2.312741312741313,0.41338846597611206,285.7574291987394,101.49837514823885,112.95533582836637,55.40051440804571,34.29556900614517,136.31446657117775,113.65502317916493,21.195874161182946,0.22795497116449967,0.6121606056633553,0.9391013592183917,0.9460169323656562,4.421205856818211,37.0
46449.5,1249.4873683452606,2.7344632768361583,0.5422036232899099,243.189926257598,100.37056485044324,107.58468504857672,54.763430345032845,33.23280681987287,129.6455281787453,108.12372712004932,18.637257274768984,0.3101400409836266,0.5201576911285105,0.9092175322359485,0.9227253537072913,4.22581830437003,34.0
63044.0,1400.7838317155838,2.5576923076923075,0.5697296124927704,283.31980844671557,99.10968775020017,111.95197726808898,49.07177506711251,35.01968633730514,149.0846324118118,112.42353883106485,22.7138579052269,0.3340068658061214,0.49958763077215423,0.9090744242093406,0.9216421139813046,4.478970853382434,37.0
49167.5,1447.9137741327286,1.4947368421052631,0.40497076023391815,250.20392745871538,75.01646940822468,79.40060180541624,39.47422266800401,33.219217652958875,134.0394784353059,80.57396188565697,17.49963976241682,0.14652600215897346,0.6313659602611847,0.950641319109605,0.9255841086100387,4.186070210566164,28.0
56132.0,1530.8427075147629,2.3333333333333335,0.4627687640153014,267.3377678613221,72.34338779745677,81.32229980477338,33.099970100427385,34.73709481682115,158.7785145188807,82.19385475842904,19.93318634590704,0.20712692774811833,0.5827311690461167,0.9342593460544255,0.9045681614094474,4.297536906162451,31.0
36910.5,1130.575681567192,1.946524064171123,0.5422592113768584,216.78539668517163,100.35217302591307,103.22515813099368,55.73967047541318,32.577152621913896,123.05269332789227,104.58763517649459,22.356776412108285,0.298082367703998,0.5206317789540092,0.9203569745792168,0.9255065102767253,4.339438434988396,29.0
50981.0,1372.7005718946457,2.851063829787234,0.5059244998412195,254.77642204517932,98.35685370625036,104.85560440837514,54.530941912491045,32.75205795192624,127.77198861105192,105.58846772162931,19.03365359619897,0.28359784341885785,0.544945451620308,0.9177559953044359,0.9233763275510201,4.2725920343370785,31.0
47159.0,1278.5584357976913,3.198757763975155,0.568763191219924,245.04020831317774,107.31824462962187,113.51666596876177,63.79473221389389,32.444851555629995,118.09524308027302,114.3061010845442,20.692526949015093,0.3076101988206476,0.5190912332209303,0.9262302876535327,0.9339914111435432,4.3719944776636765,19.0
39262.0,1188.2152901887894,1.6387665198237886,0.464947183932547,223.5842816599413,95.62344609357342,99.20977422838344,60.07252819006002,30.922474195735703,109.26487355282654,100.76764860996006,23.721761862957774,0.196313543786597,0.5791908187118,0.9404320725753901,0.9444444347014028,4.442267649862478,18.0
34895.0,1093.5878731012344,2.3216374269005846,0.5140159382503278,210.78352381894916,95.88467532467533,100.67827751196172,57.380806561859195,32.36073820915926,114.18302118933698,101.64743677375256,19.824980817867065,0.24606693317941636,0.5480798877389231,0.9321853946493228,0.9314679326944892,4.242324365635876,24.0
52173.5,1455.9726498126984,1.9696969696969697,0.49639408210836783,257.73894425802246,103.77426201383116,109.23836643732645,62.48826473761474,33.45259024743982,117.83024107253401,110.06584835246467,26.709714380966588,0.2173634036907356,0.5541214213388405,0.9413079661474437,0.9525669042890319,4.562561857326452,29.0
45752.5,1267.62950360775,2.443877551020408,0.48733010949682587,241.3584311154171,103.55185656648472,108.81788172344604,60.06854516818054,32.46579214222529,121.44238279143023,109.61138320136357,23.40498546960026,0.2854681217830296,0.5548668698859931,0.9258018102045484,0.9337798539759027,4.503873167532374,25.0
60135.0,1360.8427082300186,2.0981308411214954,0.6258455966529983,276.7060896016729,104.36580830933772,114.92248457424928,52.31331962155492,34.07335252982312,141.89311394487865,115.37118881118882,21.401923211492605,0.30296460420861615,0.498735541002954,0.915312673450592,0.9291378975990484,4.423352110330831,36.0
70218.0,1682.1564148664474,2.895,0.6063730569948187,299.0055757878332,141.86748243378347,151.92749623329624,81.52252277623667,32.509399157948096,124.8870129687258,153.0121661010744,27.794297415835665,0.5393545586901166,0.4636481224481722,0.8882079226551767,0.9364006932635391,4.606408105191783,33.0
54647.0,1523.813269495964,3.7393939393939393,0.5367811011246992,263.77778792222523,101.02559332442293,108.75192356319764,53.97559874291081,33.04737564570314,136.511017592024,109.50223964165734,23.52736402195146,0.31791427206261486,0.5254213651125756,0.9192696093914523,0.9255916009485009,4.425310298793016,27.0
50451.5,1572.1736607551575,1.9773755656108598,0.5223966368804167,253.449886350746,102.11805718303258,107.49373095851887,59.77736114366065,31.446996328411842,121.15791735020701,108.74490274197328,23.837616371889396,0.282900648810536,0.5313773584583229,0.9296881535942629,0.9341619160744153,4.486592854507726,27.0
53491.0,1344.7249573469162,2.2311111111111113,0.4735812306330235,260.9729037418034,93.81222626725555,104.45963077264243,48.61321678709368,34.75091013250051,140.37174061685732,104.85266017408017,18.55147707423559,0.219181862493157,0.5751711212941428,0.9350502956224442,0.9365046956262912,4.28550255624502,36.0
65229.5,1427.7127643823624,2.7205882352941178,0.5761305423070129,288.188790349837,102.08356727719692,114.95778388139425,50.257788433815385,35.393480932942836,146.9521844034052,115.18329564940288,20.668267090454037,0.30318954111398505,0.5108229556557746,0.9124974866719631,0.929877284425057,4.415700856832513,35.0
55499.5,1325.2274829149246,2.4360189573459716,0.5117330849945599,265.8273088172642,127.31251447816247,144.3855913327037,65.5360216682407,35.13784992605,145.1629394679164,145.04239205973022,27.753236739599476,0.4243271847745603,0.527199370037421,0.9014195429247385,0.9424199103808614,4.6369309174727285,33.0
33394.0,1017.2447279691696,2.2710843373493974,0.5336039116678917,206.20029426963973,102.458958308728,109.34974016770994,59.763847880004725,33.234734852958546,119.75466517066258,109.9772351482225,17.743126568976038,0.3247809933972687,0.5336257278438815,0.9180872657946646,0.9223655922951915,4.187239555322442,28.0
38579.5,1014.7766914367676,2.0813953488372094,0.6265346888398077,221.63245478970407,97.44548263317886,104.25447251706782,55.452185179648176,33.194074849254996,125.43586485274331,105.03054766532118,20.204582340653637,0.3469500774188007,0.4896141113340502,0.9113018466113569,0.9060713446445586,4.309933638848607,25.0
83262.5,1733.8548998832703,2.506172839506173,0.5626338800029732,325.5965411264553,101.4355815087473,113.56439470523173,52.13580628664534,34.77173744990069,144.09011334038985,114.17167560624621,20.572230214082655,0.34405925279870025,0.5110141508508164,0.9095396153345197,0.922185419454263,4.266440201635318,37.0
83636.5,1637.2863581180573,2.9767441860465116,0.6078234011627907,326.3269820030861,99.98723006029591,114.10368764585333,45.32895032990985,35.08806283094637,159.35116149590723,114.58856628404232,23.352960448710476,0.3618141371009447,0.4758507550788485,0.8961287799728633,0.9157469280804351,4.5145230317591905,45.0
65161.0,1433.3523738384247,2.812807881773399,0.5621543744014907,288.03743155098425,99.78039924647545,107.84470709771512,52.39622326203209,33.41339025279533,135.77578087019933,108.32646147301897,18.557392922956573,0.2672358622812203,0.5133797186005662,0.9160947137828741,0.9313938628446884,4.212863916242585,37.0
59394.5,1622.4234409332275,2.2283464566929134,0.41313889429899003,274.9971384210618,101.1438546325082,108.4619540822264,52.78495785606224,33.31158251733138,133.19966417848414,109.18556632474937,20.13256042812198,0.20598471919180406,0.6144985592634821,0.9383033415094906,0.9461152581468754,4.33690617990423,38.0
43076.5,1251.9137748479843,3.018181818181818,0.5242363392965803,234.1937301654001,101.81425070428988,106.4811616774696,59.434323538169075,31.805226632463754,119.26391974531046,107.46306772634617,21.260198845661087,0.2545738998457033,0.534035656984889,0.9288342413150477,0.9373083618415561,4.36044565552141,27.0
47879.0,1200.8183217048645,2.097938144329897,0.6063856733959827,246.90369815451297,100.41726692947513,107.70481517409341,55.63569379372975,32.859920331881696,130.12367133805287,108.47218839652432,21.706478512176894,0.3662748921787501,0.4832115710247137,0.901927411110182,0.91094489266328,4.369960167942385,31.0
68793.5,1553.2274836301804,3.0945273631840795,0.5502511557965798,295.9570992909926,100.36920908424065,110.03513742862485,49.60641189753621,34.0661038157838,143.25592935118732,110.34954765774447,17.47531279131295,0.26923354227176144,0.5320394446211856,0.9221446131387561,0.9331308452426504,4.201996478261477,38.0
49066.5,1485.6295043230057,1.8688524590163935,0.4409916954270923,249.94681058526805,67.27597846178574,75.48270111709395,37.19464759302419,35.49527846982239,136.1188821023869,76.0818130675882,14.742206040712967,0.15224153778483018,0.5990220019916878,0.9448014866117709,0.9099761494892763,3.9767351925422214,29.0
53207.5,1295.9726511240005,2.546875,0.5667124659168371,260.280412394971,109.09383303294375,116.21661495011055,54.90155892900277,32.61684535201323,139.56784778609784,116.92712610788011,21.813271490372212,0.394386214500752,0.5097773022688779,0.8965433838504835,0.917106694681876,4.4252122468972654,32.0
63463.5,1343.14422249794,2.426470588235294,0.628475935828877,284.260862320686,107.86172951216088,114.46031919374717,60.515218646156725,32.712959640556015,123.7383266509618,115.05330816393392,19.778498470047143,0.28316367866383885,0.5036574328702504,0.9163149979355398,0.9359647969890879,4.348198046508456,36.0
58773.5,1367.9726499319077,2.57,0.571726653696498,273.5557427335279,103.37828377173054,112.60857272681375,54.613621446963194,33.78864374547719,135.78369599973072,113.09575739216776,20.07167731504667,0.3051328450815146,0.5125105560377698,0.9132794143277487,0.9300297063792338,4.322184895654213,33.0
79060.5,1694.9675971269608,2.595744680851064,0.5515207534007673,317.2742583736259,103.81599609301627,116.08661732847465,54.004695893910366,34.49356975593874,142.9659641609377,116.64764516573375,21.72754824421514,0.29732538819518495,0.5160444428204289,0.9203663353824678,0.9357983002536604,4.406440606904104,37.0
51311.5,1354.6000665426254,2.588235294117647,0.47637681966726086,255.600921163595,117.27552022175595,122.58226337369344,62.76711775010106,31.98342605247454,129.1678761862596,123.40006544880556,22.969207860939456,0.32661548064884544,0.5649524803118156,0.9179614596357341,0.9393034200425299,4.520496748773705,32.0
59284.5,1409.2274832725525,2.867021276595745,0.5850521059487624,274.74236984828485,90.88422913955894,99.30667600840756,45.36461148366863,33.61825643078771,141.4000100090081,99.78200380342308,17.380733069451328,0.23668604476918825,0.5270174097784688,0.926123882496323,0.9230540586816647,4.192690658327456,36.0
58442.5,1293.3452328443527,2.064814814814815,0.6066527570171067,272.78435089496014,100.09120157138987,110.29763275535085,52.60598415063669,34.4889426984557,138.75472432945003,110.8322778379843,21.4447584997727,0.323138563358096,0.4864457536299884,0.908349953475837,0.9213646191275662,4.407624797892531,38.0
46678.0,1310.7838314771652,2.9767441860465116,0.5300463299418605,243.78735707404502,94.54127897140924,105.69444679411266,51.541088648282866,34.94670952461512,136.1202207748266,106.2051260362037,21.29142099463783,0.2677478508697493,0.5380556103221661,0.9304447604019175,0.930039336448961,4.372353235097235,35.0
61501.0,1595.6711342334747,2.933333333333333,0.5513806706114398,279.8312084824658,99.56238555687622,106.47128079925471,54.154020366860486,33.07077002152334,132.42129525522824,107.29358476019146,23.115458953761202,0.30310119907295235,0.5136270298074149,0.9170095346882046,0.9244546477069921,4.5106533144697885,31.0
83602.5,1565.4873687028885,2.5720720720720722,0.6595233587352677,326.26064586266216,103.70007113218732,114.94783639596918,54.060616478956725,33.91924125666864,143.2594783639597,115.60951985773562,23.70921812435148,0.3964943245507867,0.45068122311586745,0.8887731388390253,0.9118823776147743,4.53210182334379,44.0
56105.0,1532.2152901887894,2.9447236180904524,0.4811171900457921,267.2734641848425,121.384734489918,130.1630889960235,69.27186191364324,33.04273850160116,123.76227258331281,130.95690959636838,22.786424875436946,0.3049636074585908,0.5744150506560816,0.9315732392101838,0.9486198256949833,4.439954011922653,31.0
53597.5,1379.0020875930786,2.231958762886598,0.6380502845170353,261.232571665447,107.34126112075994,112.77754935667954,65.7221139191153,31.171286286463687,116.2423528160777,114.07430971537943,25.611860979063007,0.36008276583512555,0.46308397993604367,0.9106702893807753,0.9242171382345699,4.500072310661176,30.0
82794.5,1717.6295038461685,2.542372881355932,0.5847069209039548,324.6801987904027,106.35280329123613,118.08152745885955,58.350363566781475,34.465987370838114,135.6190681209338,118.62557405281287,23.64378813385475,0.33992959471258843,0.4970734083960653,0.9096126927606241,0.9308798740094871,4.489700107070892,36.0
52307.5,1472.8843364715576,2.4927536231884058,0.48971557502902296,258.0697143917405,97.3213396226415,109.66215094339623,53.76475471698113,34.64171698113208,139.2516603773585,110.46852830188679,23.035017016671556,0.294399134038589,0.5562414948651979,0.9273083597723897,0.9308132313827103,4.330444228380836,31.0
42466.5,1320.0315252542496,1.7063829787234042,0.45064466493341115,232.52962634145308,74.33228912866922,78.0714700081216,43.79997679545191,31.19183199907182,119.23144216266388,79.39317786286112,16.487256571256236,0.15506396634572872,0.5979512294080276,0.94546110188504,0.9211503114048052,4.09026873843878,30.0
72323.0,1545.6122592687607,2.368181818181818,0.6309806316524167,303.45428583870944,135.6035728952772,146.98343600273785,75.18893908281999,33.71709787816564,127.23081451060918,147.5067898699521,21.908399296165776,0.4204142835419211,0.48141157599523676,0.9031358100946412,0.942426980578298,4.433568911780155,34.0
34563.0,1056.5340509414673,1.879120879120879,0.5552824368613842,209.7784030463609,102.439073773063,106.40884592351783,59.10959021302079,31.21019762169561,118.53600250948185,107.67502210055038,20.801300009165463,0.30063030930804757,0.5117448112048552,0.9186676556191474,0.9279065082059964,4.251852171693877,31.0
34691.5,1042.9432125091553,1.7897435897435898,0.5097568143413416,210.1680034310168,95.3975663842611,102.57872292033889,50.754904190595326,33.29749246602604,132.80704497640303,103.21564223574231,19.15256692500323,0.2531459213766312,0.5471635483705638,0.9281197800096065,0.9285970902470353,4.3204063740484315,28.0
60500.5,1913.5706290006638,2.081180811808118,0.39583169767867893,277.54572429826715,103.94154522510787,108.34361312382968,60.60895546690548,32.118081901815515,118.90977774159407,109.50784010420907,22.50952225335705,0.23308038234849715,0.6230001330068081,0.939131453185037,0.9425850143175609,4.38942411877005,38.0
58580.0,1493.730009675026,2.4482758620689653,0.5806266168439207,273.10505768034733,97.19910273059992,102.20304936668298,59.49300905702383,31.620127844023546,114.054679462313,103.2436120153143,22.01814814791415,0.2653017394419269,0.5208356916967795,0.9241058430601398,0.9277780150514925,4.26194897887256,26.0
65755.5,1630.1980456113815,1.9800796812749004,0.5271108724057493,289.3484108887294,76.1653363397219,84.05614430665163,34.51089064261556,33.255467869222095,155.73856444945508,84.8091394212702,20.183327867408334,0.19319926851301872,0.5525496256768423,0.9334338743133983,0.9159711805571212,4.364033226674842,38.0
42986.0,1063.1614677906036,2.3865030674846626,0.6779377671235037,233.94759043423744,91.35085622392211,102.7816411682893,45.766124826147426,34.80591533379694,146.4513864742698,103.30311196105703,18.208423267944415,0.3287989094521975,0.49788466944676146,0.910432996777113,0.8952091753097421,4.17744924949207,25.0
69371.5,1457.2863583564758,2.5654205607476634,0.5904660980882829,297.1978079959463,103.71186948702578,114.60250920613171,60.10206674088664,34.5121749307756,128.96573035311582,115.25825697239588,23.323084631119542,0.3454689781965498,0.48557044006392325,0.9043079177268272,0.9272865278310373,4.399600418196399,36.0
47057.5,1225.5462437868118,3.3767123287671232,0.6537761538247798,244.77636707079162,96.57634340890009,104.41876574307305,49.49202350965575,33.27785474391268,139.4952980688497,105.03094038623006,19.058896972497227,0.321520291603835,0.47988662471935506,0.9064931392015688,0.9060479252513275,4.310916271086829,32.0
45628.5,1289.144222855568,2.305263157894737,0.5482876712328767,241.0311402432233,97.18171594177824,105.40311871444946,49.48370352747799,33.191578173324395,139.90609252330384,106.07634578367974,18.337899252739984,0.2654598425737976,0.5267836486837653,0.925138770859018,0.9271404150232887,4.23988152893421,33.0
50282.0,1222.9015818834305,2.3386243386243386,0.6019057195527784,253.02377514449793,89.9018443509379,95.41830193873137,51.41714184592394,33.37514255377718,126.83365448896929,96.2574816154784,22.573911549593134,0.24238951278517107,0.5208405646207392,0.9250196479244297,0.925494688782536,4.430095648047323,30.0
78102.0,1680.700572013855,3.282051282051282,0.6258173076923077,315.3451361966848,106.71413363074116,113.47878434553381,58.94632718239887,32.2189115887661,130.0180979418027,114.49821301835141,22.239818036547035,0.3053929796378204,0.48148798830523876,0.9148014764667479,0.9324288145934636,4.366805295664845,34.0
47990.0,1305.2447274923325,3.1419753086419755,0.5819932571733488,247.18973634000352,99.64405036208032,107.00218071099407,59.07745638578012,33.9469017445688,121.60249341672153,107.63419601711652,23.370372882937794,0.31787501203144986,0.5026624960136937,0.9164003891502792,0.9228422487241138,4.439407303789059,23.0
63472.0,1520.925966143608,1.7777777777777777,0.5241115074646585,284.2798979587376,106.40482978889149,114.9206668224663,58.6978889148555,33.41677962140687,130.08101581366364,115.56566175897795,20.967524433446613,0.2968547749933321,0.5416287902600777,0.9189200623605255,0.9366683454104453,4.32568331122412,29.0
53601.0,1562.3574254512787,2.0,0.5537293388429753,261.24110097254885,89.92306276797379,89.02703200044164,62.693649596084136,26.699482914082772,89.48869219586699,91.74914892442449,24.753470919119255,0.2049631708068925,0.527668435909165,0.9366575519703334,0.9408661409700212,4.380408780429305,20.0
44974.0,1465.3868631124496,2.197247706422018,0.4306946811974488,239.2962082543708,80.9174512809284,81.63667615502519,41.59248959929932,31.347821326910445,136.04534705495948,83.68782570615284,21.335748240886105,0.18213814406489234,0.6059465087285343,0.9423595185372146,0.9229903002349572,4.378974616197044,26.0
108009.5,1823.286357998848,2.2535211267605635,0.5942424075704226,370.83954293881953,99.96425520972052,109.4096874626893,48.694663078717525,33.62124482242407,147.8795863449758,110.00265422517748,20.95500307751622,0.28317109998731826,0.496254058912331,0.9123623186509595,0.9300691222189678,4.374101377056476,44.0
72700.0,1523.671134352684,2.9326424870466323,0.6655193247770922,304.24416987387997,106.21446180248158,113.29716293703436,55.71406001007886,32.617398292041784,134.59177891883795,113.89084866727504,20.127446490284186,0.34600058334424966,0.47602928352782525,0.8978501821802434,0.9177062211490855,4.353850755333305,45.0
42005.0,1227.6467490196228,2.442105263157895,0.4764632486388385,231.2626798179951,101.28501995773655,104.06773890584644,59.57522892697816,30.503287156609534,117.94285043437426,105.5549659544494,22.594452072528224,0.2661024758024543,0.5650600117480928,0.9263095660313357,0.9331229019825749,4.399826859766118,24.0
42357.0,1361.0681021213531,2.141509433962264,0.440081871831103,232.22964366408368,88.37173164604076,90.3640783474458,47.288336279892064,30.14143481901926,125.73746161719549,91.65871871219875,17.252227683662966,0.15722616232186548,0.6221133084344491,0.9530390092220015,0.9388166714515979,4.14856727999768,25.0
40933.0,1356.6173114776611,3.412903225806452,0.4992133666686993,228.29260672357398,97.84838864838865,101.48785473785473,56.67354497354497,31.80901875901876,119.64485329485329,102.63766233766233,21.420396874851715,0.2943010535804789,0.5649405094808613,0.9274173812132878,0.9193063370565069,4.298597783826311,25.0
53361.0,1257.730009317398,3.0484848484848484,0.6429423459244533,260.65558759906344,96.2917299922156,100.9204692886533,52.07246914037884,32.58156948511695,130.02162953627163,101.64477147199466,21.046201862810342,0.2844400241952494,0.5017385737158422,0.918152794772296,0.9167130393243174,4.301344779243843,27.0
61779.0,1424.4751764535904,1.9012345679012346,0.5502912725134947,280.46294912910264,93.12048925746853,94.88878037847012,47.99681406295027,30.075774070634946,134.14855432102718,96.33899010598444,20.028887257211345,0.2101912408541856,0.5544055794497735,0.9365789715957975,0.9336225187927263,4.330427471180265,32.0
48068.5,1198.3746709823608,2.417989417989418,0.5565222928461441,247.391824958106,86.79577126381547,89.70264696460035,42.45190613487105,30.896744353676116,140.18652891238187,91.02554861444818,19.608443338970705,0.2149098848212166,0.5509544413205663,0.9318331188998799,0.9225790108479105,4.322218425979886,29.0
34459.0,1004.2497805356979,1.5714285714285714,0.5321278008555059,209.46255386590934,70.57262242065195,71.54958358375548,43.244125812083226,31.57225036490083,110.55330414126671,73.24710225809221,19.486956879085763,0.15689621987572858,0.5406219877530682,0.9449848025327586,0.917924647744929,4.211427106431937,24.0
53436.5,1441.8305147886276,3.38728323699422,0.527101540768214,260.8399220446144,103.70310219315263,107.79879164126157,56.069342054209855,31.681318478280954,129.39461966262033,108.77650906269054,22.262782499036373,0.325495689057932,0.5285033379902446,0.917940972719166,0.9230268794195052,4.465263587056494,26.0
46089.5,1257.345233798027,2.543956043956044,0.5469525075356609,242.24568932608747,99.69523401520831,104.08797258219985,56.19402377637357,31.362878869015745,125.89812573631788,105.27882617543108,21.254814899253272,0.3026821623255691,0.5279697862352535,0.9210355387949117,0.9217186650908974,4.334346904505619,27.0
66020.0,1715.2691131830215,2.2890625,0.44008639078498296,289.9297755378282,100.62524876180215,105.072092292499,54.156828417949754,31.94206281516063,129.6829315736709,105.99539136029686,20.998747927275236,0.22436427991002555,0.595161965194845,0.9364792457058706,0.9406541526407008,4.360126685650196,28.0
66761.5,1491.6883792877197,3.3241758241758244,0.6063164108618654,291.5533945366381,107.00385327899222,115.4776287513894,53.57910337161912,33.05326417191552,141.37246387550945,116.05428677287884,19.14030216092251,0.29023211634078905,0.5127207524642456,0.9183827474508199,0.9349456141910659,4.345481193353315,39.0
50986.5,1289.0853481292725,2.4029850746268657,0.5251846358270758,254.7901647388285,117.64816824966078,125.10709439813917,60.24008528784648,32.83184725722039,137.6060089164567,125.87805776313239,23.820284562691764,0.3324027926781905,0.532761530176904,0.9130184502986609,0.9404849970990922,4.54347359779253,31.0
47687.0,1365.185852766037,2.4390243902439024,0.4652390243902439,246.40814550210328,116.45594868611629,120.75886612869853,70.94839644113387,31.788102627767433,109.88872336023174,121.78100558659217,20.44222444252517,0.29525593810768347,0.5785793269664229,0.9248072780535912,0.9432632986485789,4.420509362936801,29.0
74617.5,1826.1980458498,2.237762237762238,0.40765679632867136,308.2303549770463,98.31471153209247,102.00584222030866,53.52324302841624,31.171199576074716,128.44255150029807,103.11857985030139,20.69165381591543,0.17575790616770046,0.6238713712488833,0.9476888171908853,0.9496650740511137,4.374296900267835,34.0
70325.0,1642.499560713768,2.2343096234309625,0.551024086001285,299.23330527115513,97.78253287391885,103.12301525912383,51.279206806834964,32.21058997257577,134.67694254975038,104.00684902608818,22.09672562919215,0.27615857171906666,0.5234060313729996,0.91605674171458,0.9262131775051693,4.433792926670967,39.0
52084.0,1286.7838315963745,2.7119565217391304,0.5672649647120328,257.5177827801145,96.35423863938347,100.29774875669109,51.09637067689154,31.558615846019514,130.0697202080407,101.16212368550929,18.022057861116195,0.26852986093384323,0.5244074808204675,0.9212054289704223,0.9204218091257828,4.240908973397973,36.0
52861.0,1311.126977801323,2.595959595959596,0.5194061234917267,259.4315238637075,102.60532615200479,109.80817998204668,53.34236609814482,32.9426802812687,135.42796229802514,110.4568185218432,19.00604130764305,0.27282805316968867,0.5392112217721096,0.919135686350605,0.9333182554388031,4.315067785837216,32.0
50958.0,1251.78888463974,2.838323353293413,0.6437504737360722,254.71894456560238,124.33526661881946,133.3920237425562,76.36579830465735,33.477275813240745,113.65264873043276,134.09526118751577,23.57114101462349,0.4299518387963575,0.465263251484719,0.9019621876790219,0.930230971161244,4.528498151337508,26.0
54042.5,1157.9482650756836,2.251366120218579,0.7167820574035758,262.31478817701077,97.92569188783267,102.7160466692309,51.53468139275052,32.25008700111728,134.07613971463633,103.6321775921754,22.240208263225544,0.31987831263575045,0.46691073716253406,0.9057358847387141,0.9049934885577033,4.402940893839209,37.0
84360.5,1667.5706285238266,3.018867924528302,0.6217607606132075,327.73636449687837,101.5634512401353,107.95841553927094,54.15352546035325,32.45607854190154,134.78947059376173,108.79548337091319,22.562777715627995,0.29063296027081553,0.4818658088299132,0.9113328697751735,0.9287429251501611,4.433868788534168,38.0
42393.0,1137.1025922298431,2.311111111111111,0.5661458333333333,232.32831084471334,99.7831768734422,103.21898949428126,53.48002515781872,30.901768035593655,129.63528151133266,104.55976146660765,20.52262615842794,0.27331370083542883,0.5092003939942805,0.9186641851123033,0.9266080427899952,4.3903104953302945,27.0
47564.5,1328.6589413881302,1.9601769911504425,0.47508440040751915,246.09145114277263,96.71116736523219,99.92142175374528,52.0708594430842,30.357098393990952,128.57237415445906,101.47705108519733,21.546302011063077,0.2120677984091392,0.5702712556110485,0.9380070923432328,0.9390104550724949,4.4344081976609315,32.0
67014.5,1451.2863589525223,2.755,0.6081170598911071,292.1053088710552,107.37920593187793,110.9290419780804,60.98267407166701,31.420918141266135,118.40921981625358,111.69909308439928,18.689780500402115,0.29400778720363085,0.5073549620905105,0.9123314751536307,0.9300709418358745,4.3018348412149745,36.0
52822.0,1363.3279882669449,2.9234972677595628,0.5395230069965783,259.33580399166016,105.46719165014403,107.7015450226329,61.218790916912944,30.498559724664247,117.22726422505706,109.05177509258912,21.623128462211614,0.217388308081849,0.5346295292091496,0.938249930597093,0.9493771717142218,4.340548520541987,29.0
45559.5,1241.2863589525223,2.7556818181818183,0.5337335988753514,240.8488261095778,104.78050366260673,107.4176021845607,57.35835030991288,30.835312730267436,123.32625373845954,108.38383685145854,19.623018481073768,0.2574227771275541,0.5317411497385719,0.9220443028200134,0.9366858976173036,4.363483562380566,29.0
69517.0,1465.3868633508682,2.6715686274509802,0.6252653354919949,297.50931654547276,109.8179254554,115.5664193240568,62.51688433765827,31.810576388987794,123.78589435004913,116.53814820617265,21.716390898356266,0.3509346839363573,0.4840668548074811,0.9034548859768634,0.9261355662576104,4.3316802892484665,45.0
35140.5,1019.8305152654648,2.289940828402367,0.5372918673455346,211.52369659630568,124.19814128481582,127.67065363881402,68.62073225516622,30.734697888589398,123.14428908355795,129.13305817610063,24.17253977600103,0.3759132077998114,0.5213833715135483,0.9127487466465545,0.9381226975724752,4.515825644360054,28.0
36464.5,1326.114784836769,2.4248704663212437,0.4037077631637217,215.47167651223987,95.78273881743914,98.42222761465663,55.15279462913532,30.795626735689826,121.60697241769797,99.99277413788455,23.45693445770002,0.22598661680286408,0.6273809965569703,0.9411432018474567,0.9314032314684463,4.387344319325359,23.0
49553.0,1209.303603053093,2.338709677419355,0.6124459275738475,251.1828799107565,101.4373404085541,105.83613948292371,53.34998404085541,31.7327840727737,130.68777928503033,106.62797239067986,18.44541686927521,0.29819415822223594,0.49133468301216743,0.9119541206815829,0.9196955373960272,4.276903722051729,36.0
43456.5,1113.2030975818634,2.377245508982036,0.6554623749981145,235.22443384092477,101.8841344186258,108.2144968396162,54.99336092037652,32.26147060160975,130.01755263516893,109.05161202310036,19.504461068294574,0.36235942594805015,0.46538138529366785,0.8971378531157062,0.9063979519791422,4.262193876973934,28.0
52648.5,1348.7178170681,2.7606382978723403,0.5395861517648506,258.9095443798649,105.34910776274558,111.38885031805303,54.07257988854071,31.961814872497325,134.918450828439,112.2195785562832,19.5328883145536,0.2645841479949053,0.5371994835338656,0.9221420753293657,0.9383061130187367,4.308222853401945,42.0
63241.0,1548.2152907848358,3.7209302325581395,0.574500363372093,283.76212229365007,123.10641157898027,134.21140079402295,65.59698646409703,33.60688049016849,135.63437431617118,134.94183938228767,24.280229049887666,0.3953743553785921,0.5112314098081197,0.9046359393516767,0.9375970990310115,4.505422056274353,39.0
38497.5,1023.2030975818634,2.1129943502824857,0.5815508021390374,221.39679169636113,107.50518241059059,109.4955872543486,68.02468058905023,30.673148955821233,100.68643850377136,110.47134280876392,16.31009138680458,0.2729489179292049,0.5337517328365837,0.9253307340812034,0.936693548326767,4.0913580664019085,29.0
